Exit stations,Entry stations->,,TOTAL,,,Aug 19,,,,,,,,,,,,,,,,,,,,,,,,,,,,,,,,,,,,,,,,,,,,,,,,,,,,,,,,,,
,RM,EN,EP,NB,BK,AS,MA,19,12,LM,FV,CL,SL,BF,HY,SH,UC,FM,CN,PH,WC,LF,OR,RR,OW,EM,MT,PL,CC,16,24,GP,BP,DC,CM,CV,ED,NC,WP,SS,SB,SO,MB,WD,OA,WS,ML,BE,PC,AN,Exits,,,,,,,,,,,,,
RM, 	737 ," 	2,936 "," 	2,418 "," 	1,817 "," 	10,924 "," 	2,480 "," 	3,617 "," 	3,784 "," 	4,369 "," 	1,216 "," 	2,516 "," 	2,160 "," 	1,151 ", 	591 , 	783 , 	521 , 	434 , 	631 , 	637 , 	371 , 	471 , 	131 , 	223 , 	635 , 	706 ," 	10,852 "," 	10,166 "," 	13,719 "," 	9,461 "," 	5,419 "," 	5,480 "," 	1,265 "," 	1,944 "," 	1,711 ", 	468 , 	154 , 	340 , 	93 , 	472 , 	450 , 	603 ," 	1,837 ", 	692 , 	194 , 	430 , 	515 , 	-   , 	-   , 	264 , 	283 ," 	113,071 ",,,,,,,,,,,,,
EN," 	3,110 ", 	615 ," 	2,210 "," 	2,043 "," 	18,836 "," 	3,490 "," 	6,090 "," 	9,811 "," 	12,936 "," 	2,422 "," 	2,741 "," 	3,867 "," 	1,482 "," 	1,052 "," 	1,622 ", 	642 , 	855 , 	973 , 	834 , 	524 , 	634 , 	202 , 	294 , 	742 , 	967 ," 	22,722 "," 	21,792 "," 	23,249 "," 	18,046 "," 	6,957 "," 	5,180 "," 	2,119 "," 	2,809 "," 	2,437 ", 	843 , 	266 , 	640 , 	107 , 	370 , 	758 , 	954 ," 	4,028 "," 	1,623 ", 	303 ," 	1,072 "," 	1,224 ", 	-   , 	-   , 	280 , 	282 ," 	197,055 ",,,,,,,,,,,,,
EP," 	2,472 "," 	2,231 ", 	376 ," 	1,396 "," 	17,360 "," 	2,099 "," 	3,525 "," 	6,634 "," 	7,698 "," 	1,510 "," 	1,424 "," 	1,978 ", 	894 , 	464 , 	675 , 	198 , 	470 , 	657 , 	500 , 	416 , 	582 , 	170 , 	187 , 	760 , 	360 ," 	14,164 "," 	14,927 "," 	11,246 "," 	10,336 "," 	3,651 "," 	1,827 ", 	843 ," 	1,003 "," 	1,005 ", 	132 , 	127 , 	282 , 	89 , 	211 , 	235 , 	299 ," 	2,538 ", 	880 , 	148 , 	888 , 	712 , 	-   , 	-   , 	94 , 	133 ," 	120,806 ",,,,,,,,,,,,,
NB," 	1,841 "," 	1,894 "," 	1,442 ", 	539 ," 	4,538 "," 	1,437 "," 	2,274 "," 	5,790 "," 	5,909 "," 	1,323 "," 	1,661 "," 	1,778 ", 	776 , 	525 , 	713 , 	238 , 	468 , 	682 , 	559 , 	556 , 	558 , 	171 , 	268 , 	381 , 	407 ," 	16,369 "," 	15,433 "," 	9,920 "," 	11,549 "," 	4,698 "," 	2,690 ", 	942 , 	853 , 	834 , 	209 , 	193 , 	368 , 	99 , 	201 , 	174 , 	252 ," 	3,190 ", 	814 , 	184 ," 	1,060 ", 	714 , 	-   , 	-   , 	85 , 	146 ," 	107,705 ",,,,,,,,,,,,,
BK," 	11,768 "," 	20,412 "," 	17,112 "," 	4,988 "," 	1,754 "," 	8,518 "," 	9,110 "," 	13,521 "," 	13,234 "," 	5,777 "," 	7,310 "," 	4,763 "," 	4,639 "," 	2,904 "," 	3,331 "," 	1,869 "," 	3,850 "," 	4,368 "," 	2,604 "," 	3,261 "," 	2,893 "," 	1,563 "," 	1,665 "," 	1,055 "," 	2,159 "," 	28,719 "," 	25,596 "," 	23,260 "," 	19,075 "," 	9,110 "," 	6,563 "," 	3,768 "," 	2,821 "," 	2,896 ", 	928 ," 	1,425 "," 	3,652 ", 	735 ," 	1,626 ", 	857 ," 	1,016 "," 	5,716 "," 	4,123 "," 	1,422 "," 	2,076 "," 	5,502 ", 	-   , 	-   , 	770 ," 	1,212 "," 	307,296 ",,,,,,,,,,,,,
AS," 	2,631 "," 	3,197 "," 	2,173 "," 	1,516 "," 	7,554 ", 	607 ," 	2,304 "," 	5,970 "," 	5,792 "," 	1,618 "," 	2,735 "," 	2,289 "," 	1,263 ", 	865 , 	979 , 	484 , 	885 , 	717 , 	569 , 	522 , 	522 , 	188 , 	213 , 	323 , 	729 ," 	17,700 "," 	17,473 "," 	11,266 "," 	12,305 "," 	6,164 "," 	3,085 "," 	1,067 "," 	1,047 ", 	796 , 	253 , 	230 , 	495 , 	129 , 	308 , 	235 , 	352 ," 	1,995 ", 	844 , 	305 , 	779 ," 	1,008 ", 	-   , 	-   , 	195 , 	252 ," 	124,928 ",,,,,,,,,,,,,
MA," 	3,918 "," 	6,085 "," 	3,191 "," 	2,203 "," 	8,615 "," 	2,558 "," 	1,249 "," 	5,111 "," 	5,829 "," 	1,737 "," 	3,985 "," 	4,546 "," 	3,019 "," 	2,176 "," 	2,133 "," 	1,050 "," 	1,829 "," 	1,858 "," 	3,588 "," 	3,917 "," 	3,403 "," 	1,497 ", 	949 ," 	1,638 "," 	1,323 "," 	29,103 "," 	30,012 "," 	21,713 "," 	22,115 "," 	10,746 "," 	5,919 "," 	2,191 "," 	2,073 "," 	1,800 ", 	686 , 	742 ," 	1,620 "," 	1,046 "," 	3,325 ", 	653 , 	800 ," 	4,018 "," 	1,632 ", 	514 , 	890 ," 	1,600 ", 	-   , 	-   ," 	1,244 "," 	2,864 "," 	224,713 ",,,,,,,,,,,,,
19," 	4,153 "," 	10,611 "," 	6,632 "," 	6,102 "," 	12,831 "," 	6,084 "," 	5,010 "," 	1,200 "," 	1,211 ", 	945 ," 	4,108 "," 	4,973 "," 	5,248 "," 	4,954 "," 	4,922 "," 	3,072 "," 	4,493 "," 	5,531 "," 	6,281 "," 	8,306 "," 	6,921 "," 	3,820 "," 	2,716 "," 	4,156 "," 	1,727 "," 	35,682 "," 	37,613 "," 	24,346 "," 	25,252 "," 	11,927 "," 	8,406 "," 	4,050 "," 	3,538 "," 	3,194 "," 	1,708 "," 	1,829 "," 	5,041 "," 	2,704 "," 	3,860 "," 	1,525 "," 	1,530 "," 	3,275 "," 	3,118 "," 	2,535 ", 	942 ," 	5,103 ", 	-   , 	-   ," 	1,293 "," 	2,853 "," 	317,331 ",,,,,,,,,,,,,
12," 	4,845 "," 	13,444 "," 	7,533 "," 	6,047 "," 	11,568 "," 	5,786 "," 	5,628 "," 	1,087 "," 	1,218 ", 	855 ," 	5,530 "," 	6,763 "," 	8,408 "," 	7,667 "," 	6,706 "," 	4,155 "," 	5,379 "," 	6,214 "," 	7,141 "," 	10,149 "," 	7,127 "," 	3,722 "," 	2,863 "," 	4,332 "," 	2,269 "," 	32,789 "," 	31,678 "," 	25,490 "," 	24,086 "," 	9,541 "," 	7,877 "," 	4,638 "," 	4,906 "," 	5,079 "," 	2,778 "," 	2,715 "," 	6,451 "," 	2,749 "," 	5,289 "," 	2,260 "," 	2,141 "," 	4,486 "," 	3,659 "," 	2,968 "," 	1,190 "," 	4,720 ", 	-   , 	-   ," 	1,424 "," 	4,151 "," 	339,501 ",,,,,,,,,,,,,
LM," 	1,167 "," 	2,352 "," 	1,404 "," 	1,308 "," 	5,339 "," 	1,738 "," 	1,727 ", 	934 , 	897 , 	583 ," 	4,092 "," 	7,277 "," 	7,545 "," 	6,216 "," 	3,718 "," 	2,053 "," 	2,716 "," 	2,737 ", 	733 , 	564 , 	590 , 	205 , 	286 , 	775 , 	882 ," 	23,240 "," 	24,526 "," 	18,685 "," 	16,611 "," 	6,999 "," 	4,041 "," 	1,707 "," 	2,203 "," 	1,905 ", 	173 ," 	3,152 "," 	5,012 ", 	142 , 	543 , 	238 , 	370 ," 	1,126 ", 	372 ," 	2,422 ", 	643 ," 	2,400 ", 	-   , 	-   , 	227 , 	540 ," 	175,115 ",,,,,,,,,,,,,
FV," 	2,556 "," 	2,702 "," 	1,452 "," 	1,785 "," 	7,020 "," 	2,813 "," 	4,212 "," 	4,427 "," 	5,826 "," 	3,958 ", 	717 ," 	7,425 "," 	5,858 "," 	5,285 "," 	4,821 "," 	2,072 "," 	2,129 "," 	2,456 "," 	1,168 ", 	564 , 	877 , 	342 , 	531 ," 	1,408 "," 	2,343 "," 	22,790 "," 	22,700 "," 	22,348 "," 	19,277 "," 	8,637 "," 	6,023 "," 	1,670 "," 	2,493 "," 	2,289 ", 	299 ," 	1,370 "," 	3,344 ", 	157 , 	671 , 	368 , 	663 ," 	1,957 ", 	592 ," 	1,648 ", 	461 ," 	2,104 ", 	-   , 	-   , 	380 , 	491 ," 	197,479 ",,,,,,,,,,,,,
CL," 	2,226 "," 	4,406 "," 	2,084 "," 	1,982 "," 	4,345 "," 	2,397 "," 	4,556 "," 	5,310 "," 	7,231 "," 	6,240 "," 	6,961 ", 	911 ," 	5,457 "," 	5,345 "," 	4,621 "," 	2,531 "," 	2,981 "," 	3,594 "," 	1,945 "," 	1,727 "," 	1,793 ", 	922 ," 	1,386 "," 	1,608 "," 	2,413 "," 	15,008 "," 	13,269 "," 	14,004 "," 	10,635 "," 	4,416 "," 	3,764 "," 	1,760 "," 	1,741 "," 	2,358 ", 	407 ," 	2,633 "," 	10,412 ", 	670 ," 	1,220 ", 	512 , 	613 ," 	1,272 ", 	645 ," 	3,875 ", 	954 ," 	4,757 ", 	-   , 	-   , 	584 ," 	1,390 "," 	181,871 ",,,,,,,,,,,,,
SL," 	1,170 "," 	1,497 ", 	833 , 	808 ," 	4,731 "," 	1,303 "," 	3,134 "," 	5,584 "," 	8,817 "," 	7,669 "," 	5,834 "," 	5,524 ", 	460 ," 	3,158 "," 	3,645 "," 	1,754 "," 	2,167 "," 	2,483 ", 	685 , 	636 , 	530 , 	198 , 	264 , 	564 ," 	1,057 "," 	18,941 "," 	19,831 "," 	16,137 "," 	13,087 "," 	4,250 "," 	2,785 "," 	1,243 "," 	1,800 "," 	1,952 ", 	221 ," 	1,067 "," 	2,731 ", 	211 , 	438 , 	332 , 	346 ," 	1,418 ", 	342 ," 	1,681 ", 	266 ," 	2,139 ", 	-   , 	-   , 	238 , 	415 ," 	156,376 ",,,,,,,,,,,,,
BF, 	600 ," 	1,055 ", 	429 , 	498 ," 	2,980 ", 	885 ," 	2,250 "," 	5,173 "," 	7,568 "," 	6,003 "," 	5,187 "," 	5,085 "," 	3,061 ", 	527 ," 	2,713 "," 	1,692 "," 	2,034 "," 	2,889 ", 	472 , 	245 , 	257 , 	51 , 	80 , 	358 , 	932 ," 	16,412 "," 	16,619 "," 	14,841 "," 	11,304 "," 	3,790 "," 	2,088 ", 	912 ," 	1,318 "," 	1,389 ", 	271 ," 	1,136 "," 	3,681 ", 	136 , 	202 , 	257 , 	396 , 	974 , 	287 ," 	1,853 ", 	223 ," 	1,993 ", 	-   , 	-   , 	116 , 	197 ," 	133,419 ",,,,,,,,,,,,,
HY, 	890 ," 	1,703 ", 	612 , 	705 ," 	3,122 "," 	1,008 "," 	2,344 "," 	5,126 "," 	6,425 "," 	3,505 "," 	5,023 "," 	4,669 "," 	3,624 "," 	2,530 ", 	526 ," 	2,361 "," 	4,381 "," 	5,376 ", 	686 , 	440 , 	437 , 	165 , 	149 , 	365 , 	751 ," 	12,100 "," 	12,246 "," 	9,225 "," 	7,241 "," 	2,603 "," 	1,637 ", 	912 , 	901 ," 	1,075 ", 	174 , 	521 ," 	1,889 ", 	218 , 	556 , 	184 , 	316 , 	743 , 	177 , 	931 , 	339 ," 	3,316 ", 	-   , 	-   , 	254 , 	545 ," 	115,026 ",,,,,,,,,,,,,
SH, 	497 , 	683 , 	210 , 	294 ," 	1,670 ", 	515 ," 	1,021 "," 	3,018 "," 	3,909 "," 	1,984 "," 	1,942 "," 	2,559 "," 	1,695 "," 	1,587 "," 	2,072 ", 	324 ," 	1,691 "," 	2,381 ", 	240 , 	225 , 	282 , 	27 , 	73 , 	158 , 	332 ," 	10,076 "," 	9,214 "," 	6,622 "," 	5,964 "," 	2,139 "," 	1,241 ", 	425 , 	518 , 	875 , 	152 , 	337 , 	990 , 	57 , 	202 , 	173 , 	170 , 	552 , 	109 , 	520 , 	225 ," 	2,562 ", 	-   , 	-   , 	56 , 	113 ," 	72,681 ",,,,,,,,,,,,,
UC, 	478 , 	799 , 	464 , 	474 ," 	3,910 ", 	958 ," 	1,747 "," 	4,502 "," 	5,155 "," 	2,773 "," 	2,149 "," 	2,997 "," 	2,102 "," 	2,162 "," 	4,229 "," 	1,526 ", 	669 ," 	4,166 ", 	379 , 	355 , 	444 , 	115 , 	83 , 	259 , 	348 ," 	21,202 "," 	18,121 "," 	9,934 "," 	8,953 "," 	2,635 ", 	988 , 	394 , 	650 ," 	1,052 ", 	185 , 	340 ," 	1,649 ", 	39 , 	217 , 	146 , 	108 , 	849 , 	142 , 	829 , 	463 ," 	2,693 ", 	-   , 	-   , 	122 , 	293 ," 	115,247 ",,,,,,,,,,,,,
FM, 	651 ," 	1,038 ", 	648 , 	730 ," 	4,315 ", 	714 ," 	1,926 "," 	5,766 "," 	5,928 "," 	2,692 "," 	2,649 "," 	3,570 "," 	2,542 "," 	3,217 "," 	5,447 "," 	2,768 "," 	3,904 ", 	931 , 	448 , 	398 , 	260 , 	173 , 	184 , 	306 , 	362 ," 	30,485 "," 	25,220 "," 	10,762 "," 	8,832 "," 	3,064 "," 	1,012 ", 	513 , 	549 , 	920 , 	121 , 	641 ," 	1,403 ", 	110 , 	258 , 	94 , 	212 ," 	1,050 ", 	124 , 	676 , 	528 ," 	2,657 ", 	-   , 	-   , 	108 , 	210 ," 	141,116 ",,,,,,,,,,,,,
CN, 	676 , 	773 , 	510 , 	601 ," 	2,573 ", 	597 ," 	3,425 "," 	6,280 "," 	7,318 ", 	776 ," 	1,117 "," 	1,854 ", 	675 , 	498 , 	730 , 	226 , 	422 , 	432 , 	867 ," 	2,402 "," 	5,548 "," 	1,862 ", 	863 ," 	2,252 ", 	452 ," 	20,690 "," 	19,410 "," 	12,707 "," 	11,545 "," 	3,874 "," 	2,146 "," 	1,268 "," 	1,309 "," 	1,610 ", 	551 , 	123 , 	281 ," 	1,240 "," 	3,991 ", 	659 , 	624 ," 	4,051 ", 	736 , 	130 , 	924 , 	518 , 	-   , 	-   ," 	2,488 "," 	2,725 "," 	137,329 ",,,,,,,,,,,,,
PH, 	454 , 	515 , 	457 , 	556 ," 	3,189 ", 	548 ," 	3,867 "," 	8,371 "," 	9,778 ", 	538 , 	518 ," 	1,618 ", 	582 , 	213 , 	431 , 	230 , 	329 , 	389 ," 	2,290 ", 	832 ," 	2,684 "," 	1,124 ", 	785 ," 	2,897 ", 	330 ," 	38,778 "," 	37,526 "," 	15,815 "," 	14,986 "," 	4,698 "," 	1,922 "," 	2,293 "," 	1,210 "," 	1,451 ", 	276 , 	92 , 	130 , 	978 ," 	2,051 ", 	535 , 	706 ," 	5,245 ", 	564 , 	93 ," 	1,169 ", 	457 , 	-   , 	-   , 	838 ," 	1,520 "," 	176,858 ",,,,,,,,,,,,,
WC, 	519 , 	707 , 	616 , 	608 ," 	2,925 ", 	538 ," 	3,779 "," 	7,130 "," 	7,577 ", 	565 , 	903 ," 	1,700 ", 	610 , 	282 , 	468 , 	284 , 	409 , 	318 ," 	5,977 "," 	2,976 ", 	770 ," 	1,422 ", 	937 ," 	3,978 ", 	446 ," 	32,814 "," 	30,832 "," 	12,531 "," 	12,178 "," 	3,738 "," 	1,638 "," 	1,240 "," 	1,077 "," 	1,346 ", 	362 , 	105 , 	128 ," 	1,219 "," 	3,400 ", 	562 , 	521 ," 	5,148 ", 	670 , 	62 ," 	1,101 ", 	416 , 	-   , 	-   ," 	1,241 "," 	2,412 "," 	161,185 ",,,,,,,,,,,,,
LF, 	182 , 	223 , 	184 , 	188 ," 	1,605 ", 	194 ," 	1,487 "," 	3,748 "," 	3,782 ", 	218 , 	341 , 	899 , 	184 , 	50 , 	152 , 	34 , 	87 , 	146 ," 	2,360 "," 	1,206 "," 	1,328 ", 	461 , 	316 ," 	1,770 ", 	124 ," 	21,268 "," 	19,451 "," 	6,655 "," 	6,834 "," 	1,865 ", 	982 , 	484 , 	322 , 	409 , 	94 , 	20 , 	30 , 	220 , 	829 , 	180 , 	219 ," 	2,752 ", 	366 , 	18 , 	626 , 	133 , 	-   , 	-   , 	337 , 	365 ," 	85,728 ",,,,,,,,,,,,,
OR, 	221 , 	293 , 	186 , 	261 ," 	1,605 ", 	259 ," 	1,057 "," 	2,707 "," 	3,110 ", 	291 , 	446 ," 	1,283 ", 	231 , 	87 , 	166 , 	63 , 	82 , 	182 , 	883 , 	695 , 	927 , 	400 , 	576 ," 	1,574 ", 	124 ," 	21,165 "," 	17,070 "," 	7,495 "," 	7,175 "," 	1,860 "," 	1,107 ", 	768 , 	353 , 	519 , 	90 , 	89 , 	88 , 	118 , 	262 , 	206 , 	207 ," 	3,081 ", 	412 , 	48 , 	530 , 	208 , 	-   , 	-   , 	174 , 	247 ," 	80,981 ",,,,,,,,,,,,,
RR, 	594 , 	837 , 	815 , 	481 ," 	1,211 ", 	317 ," 	1,619 "," 	4,593 "," 	5,039 ", 	757 ," 	1,332 "," 	1,535 ", 	657 , 	289 , 	346 , 	178 , 	262 , 	319 ," 	2,096 "," 	2,746 "," 	3,707 "," 	1,746 "," 	1,554 ", 	659 , 	640 ," 	28,414 "," 	26,289 "," 	15,283 "," 	15,609 "," 	6,420 "," 	3,091 "," 	1,671 "," 	1,051 ", 	866 , 	96 , 	125 , 	290 , 	542 , 	842 , 	306 , 	362 ," 	4,712 ", 	753 , 	148 , 	604 , 	415 , 	-   , 	-   , 	514 , 	900 ," 	143,632 ",,,,,,,,,,,,,
OW, 	653 , 	945 , 	381 , 	384 ," 	1,991 ", 	783 ," 	1,206 "," 	1,651 "," 	2,345 ", 	730 ," 	2,269 "," 	2,393 ", 	986 , 	907 , 	741 , 	294 , 	369 , 	382 , 	423 , 	327 , 	420 , 	137 , 	130 , 	654 , 	738 ," 	44,907 "," 	36,979 "," 	28,314 "," 	22,863 "," 	10,571 "," 	6,179 "," 	1,836 "," 	1,717 "," 	1,248 ", 	361 , 	279 , 	802 , 	112 , 	467 , 	432 , 	647 ," 	3,662 "," 	1,078 ", 	330 , 	303 , 	314 , 	-   , 	-   , 	244 , 	454 ," 	186,338 ",,,,,,,,,,,,,
EM," 	13,748 "," 	25,918 "," 	16,887 "," 	19,366 "," 	33,090 "," 	22,600 "," 	36,009 "," 	47,131 "," 	42,297 "," 	29,554 "," 	28,410 "," 	18,140 "," 	24,800 "," 	20,765 "," 	15,480 "," 	12,574 "," 	25,083 "," 	35,256 "," 	25,615 "," 	48,809 "," 	39,384 "," 	25,642 "," 	24,827 "," 	32,923 "," 	56,673 "," 	6,278 "," 	2,833 "," 	12,517 "," 	16,041 "," 	30,042 "," 	46,911 "," 	31,207 "," 	39,669 "," 	34,535 "," 	21,252 "," 	16,193 "," 	61,813 "," 	9,584 "," 	15,214 "," 	15,507 "," 	14,611 "," 	13,356 "," 	27,222 "," 	24,600 "," 	4,097 "," 	22,388 ", 	-   , 	-   ," 	3,797 "," 	11,738 "," 	1,202,386 ",,,,,,,,,,,,,
MT," 	12,631 "," 	22,350 "," 	15,649 "," 	15,172 "," 	24,490 "," 	18,742 "," 	29,496 "," 	36,842 "," 	29,330 "," 	26,720 "," 	24,464 "," 	14,243 "," 	20,723 "," 	18,692 "," 	13,879 "," 	10,316 "," 	19,291 "," 	26,136 "," 	20,407 "," 	37,725 "," 	29,131 "," 	17,729 "," 	16,071 "," 	25,240 "," 	41,296 "," 	3,157 "," 	4,706 "," 	4,114 "," 	14,417 "," 	35,027 "," 	56,326 "," 	39,844 "," 	63,268 "," 	46,937 "," 	25,860 "," 	13,671 "," 	43,783 "," 	8,426 "," 	13,185 "," 	18,564 "," 	18,681 "," 	13,735 "," 	35,844 "," 	16,153 "," 	2,645 "," 	19,233 ", 	-   , 	-   ," 	3,371 "," 	8,447 "," 	1,076,159 ",,,,,,,,,,,,,
PL," 	11,472 "," 	18,188 "," 	8,607 "," 	8,119 "," 	18,351 "," 	9,554 "," 	17,578 "," 	19,974 "," 	20,849 "," 	15,359 "," 	18,017 "," 	12,454 "," 	12,666 "," 	11,627 "," 	7,331 "," 	5,772 "," 	7,591 "," 	8,433 "," 	10,089 "," 	12,448 "," 	9,338 "," 	5,297 "," 	5,947 "," 	11,730 "," 	25,747 "," 	17,253 "," 	6,600 "," 	4,738 "," 	8,077 "," 	34,091 "," 	42,014 "," 	27,741 "," 	50,840 "," 	33,195 "," 	14,476 "," 	5,613 "," 	17,804 "," 	4,250 "," 	8,533 "," 	10,514 "," 	10,292 "," 	37,499 "," 	16,794 "," 	6,456 "," 	2,807 "," 	7,238 ", 	-   , 	-   ," 	2,823 "," 	5,959 "," 	688,145 ",,,,,,,,,,,,,
CC," 	8,537 "," 	14,790 "," 	9,052 "," 	9,837 "," 	14,917 "," 	11,562 "," 	19,990 "," 	21,651 "," 	19,166 "," 	15,279 "," 	17,608 "," 	9,630 "," 	11,506 "," 	10,057 "," 	7,029 "," 	5,573 "," 	8,031 "," 	8,020 "," 	9,791 "," 	12,856 "," 	10,513 "," 	6,085 "," 	6,512 "," 	13,751 "," 	22,807 "," 	15,358 "," 	13,840 "," 	7,684 "," 	2,984 "," 	15,089 "," 	23,372 "," 	18,220 "," 	31,289 "," 	21,777 "," 	12,314 "," 	6,030 "," 	16,967 "," 	4,231 "," 	7,316 "," 	9,141 "," 	9,596 "," 	15,512 "," 	16,076 "," 	6,346 "," 	1,497 "," 	6,805 ", 	-   , 	-   ," 	2,142 "," 	5,500 "," 	573,636 ",,,,,,,,,,,,,
16," 	4,891 "," 	5,600 "," 	3,015 "," 	4,241 "," 	8,710 "," 	5,619 "," 	9,975 "," 	11,106 "," 	8,782 "," 	6,082 "," 	7,863 "," 	4,128 "," 	3,691 "," 	3,444 "," 	2,354 "," 	1,974 "," 	2,403 "," 	2,583 "," 	3,093 "," 	3,910 "," 	2,989 "," 	1,555 "," 	1,722 "," 	5,750 "," 	10,527 "," 	30,046 "," 	37,083 "," 	39,802 "," 	16,859 "," 	1,642 "," 	5,251 "," 	8,252 "," 	15,113 "," 	9,466 "," 	4,519 "," 	1,738 "," 	5,304 "," 	1,325 "," 	2,969 "," 	3,711 "," 	3,700 "," 	6,502 "," 	7,301 "," 	2,015 ", 	612 ," 	2,492 ", 	-   , 	-   , 	893 ," 	2,009 "," 	334,611 ",,,,,,,,,,,,,
24," 	4,622 "," 	4,485 "," 	1,693 "," 	2,654 "," 	5,907 "," 	2,926 "," 	5,598 "," 	7,915 "," 	6,923 "," 	3,757 "," 	5,672 "," 	3,594 "," 	2,596 "," 	1,890 "," 	1,643 "," 	1,128 ", 	880 , 	937 ," 	1,842 "," 	1,769 "," 	1,606 ", 	914 ," 	1,099 "," 	2,828 "," 	6,182 "," 	40,132 "," 	47,633 "," 	49,397 "," 	25,048 "," 	5,193 "," 	1,712 "," 	6,913 "," 	12,556 "," 	7,674 "," 	3,433 ", 	805 ," 	1,983 ", 	757 ," 	2,413 "," 	2,762 "," 	3,776 "," 	5,525 "," 	5,927 "," 	1,000 ", 	601 , 	766 , 	-   , 	-   , 	666 ," 	1,293 "," 	309,025 ",,,,,,,,,,,,,
GP," 	1,143 "," 	1,835 ", 	783 , 	905 ," 	3,295 "," 	1,013 "," 	2,135 "," 	3,768 "," 	4,082 "," 	1,385 "," 	1,588 "," 	1,763 "," 	1,079 ", 	743 , 	769 , 	376 , 	402 , 	393 ," 	1,059 "," 	1,247 ", 	956 , 	432 , 	590 ," 	1,494 "," 	1,929 "," 	27,120 "," 	32,481 "," 	31,749 "," 	16,471 "," 	8,231 "," 	6,902 ", 	840 ," 	2,973 "," 	1,716 "," 	1,356 ", 	354 ," 	1,615 ", 	385 , 	970 , 	880 ," 	1,824 "," 	3,572 "," 	3,530 ", 	646 , 	377 , 	341 , 	-   , 	-   , 	227 , 	821 ," 	180,545 ",,,,,,,,,,,,,
BP," 	1,788 "," 	2,075 ", 	792 , 	759 ," 	2,557 ", 	921 ," 	1,659 "," 	3,024 "," 	3,996 "," 	1,810 "," 	2,010 "," 	1,626 "," 	1,498 "," 	1,141 ", 	739 , 	443 , 	556 , 	471 ," 	1,147 "," 	1,008 ", 	867 , 	223 , 	297 , 	858 ," 	1,854 "," 	32,878 "," 	41,908 "," 	61,433 "," 	26,832 "," 	13,414 "," 	11,728 "," 	2,895 "," 	1,147 "," 	2,179 "," 	2,053 ", 	567 ," 	1,384 ", 	267 ," 	1,035 "," 	1,533 "," 	2,903 "," 	4,235 "," 	3,472 ", 	583 , 	257 , 	431 , 	-   , 	-   , 	355 , 	911 ," 	248,519 ",,,,,,,,,,,,,
DC," 	1,851 "," 	2,764 "," 	1,052 ", 	934 ," 	2,747 ", 	817 ," 	1,989 "," 	3,247 "," 	4,726 "," 	1,971 "," 	2,527 "," 	2,467 "," 	1,932 "," 	1,349 "," 	1,186 ", 	957 ," 	1,048 ", 	921 ," 	1,620 "," 	1,421 "," 	1,264 ", 	430 , 	547 , 	845 ," 	1,595 "," 	32,180 "," 	40,159 "," 	39,172 "," 	20,948 "," 	9,978 "," 	8,001 "," 	1,631 "," 	2,659 ", 	997 ," 	1,068 ", 	823 ," 	2,458 ", 	689 ," 	1,373 "," 	1,782 "," 	3,454 "," 	7,296 "," 	5,915 ", 	896 , 	425 , 	902 , 	-   , 	-   , 	476 ," 	1,312 "," 	226,801 ",,,,,,,,,,,,,
CM, 	461 , 	742 , 	163 , 	182 , 	900 , 	240 , 	562 ," 	1,567 "," 	2,658 ", 	237 , 	277 , 	329 , 	173 , 	180 , 	136 , 	159 , 	169 , 	91 , 	547 , 	267 , 	351 , 	127 , 	70 , 	133 , 	390 ," 	20,259 "," 	22,843 "," 	16,501 "," 	11,661 "," 	4,163 "," 	3,316 "," 	1,177 "," 	2,116 "," 	1,013 ", 	375 , 	57 , 	420 , 	91 , 	428 , 	543 ," 	1,305 "," 	4,407 "," 	2,099 ", 	95 , 	80 , 	82 , 	-   , 	-   , 	172 , 	445 ," 	104,759 ",,,,,,,,,,,,,
CV, 	135 , 	267 , 	160 , 	206 ," 	1,336 ", 	277 , 	696 ," 	1,874 "," 	2,616 "," 	3,071 "," 	1,294 "," 	2,722 ", 	978 ," 	1,176 ", 	456 , 	306 , 	462 , 	666 , 	136 , 	76 , 	106 , 	28 , 	74 , 	143 , 	288 ," 	12,851 "," 	13,344 "," 	7,278 "," 	6,614 "," 	1,913 ", 	950 , 	438 , 	602 , 	827 , 	100 , 	323 ," 	2,665 ", 	26 , 	34 , 	112 , 	187 , 	640 , 	181 ," 	1,784 ", 	253 , 	458 , 	-   , 	-   , 	11 , 	40 ," 	71,180 ",,,,,,,,,,,,,
ED, 	371 , 	636 , 	297 , 	384 ," 	3,983 ", 	625 ," 	1,563 "," 	4,987 "," 	6,338 "," 	4,741 "," 	3,382 "," 	9,816 "," 	2,659 "," 	3,620 "," 	1,665 ", 	996 ," 	1,688 "," 	1,431 ", 	253 , 	143 , 	146 , 	45 , 	81 , 	279 , 	845 ," 	51,592 "," 	42,889 "," 	20,253 "," 	18,409 "," 	6,226 "," 	2,314 "," 	1,798 "," 	1,669 "," 	2,537 ", 	443 ," 	2,588 "," 	1,191 ", 	34 , 	139 , 	540 , 	334 ," 	3,956 ", 	450 ," 	1,216 "," 	2,054 "," 	1,287 ", 	-   , 	-   , 	64 , 	134 ," 	213,091 ",,,,,,,,,,,,,
NC, 	97 , 	116 , 	75 , 	89 , 	690 , 	124 ," 	1,021 "," 	2,470 "," 	2,595 ", 	162 , 	186 , 	612 , 	207 , 	137 , 	154 , 	38 , 	55 , 	90 ," 	1,147 ", 	850 ," 	1,124 ", 	223 , 	93 , 	552 , 	113 ," 	7,431 "," 	7,426 "," 	4,864 "," 	4,563 "," 	1,490 ", 	834 , 	399 , 	350 , 	655 , 	106 , 	25 , 	26 , 	252 , 	572 , 	214 , 	268 ," 	1,368 ", 	144 , 	15 , 	331 , 	140 , 	-   , 	-   , 	352 , 	398 ," 	45,243 ",,,,,,,,,,,,,
WP, 	539 , 	409 , 	187 , 	153 ," 	1,645 ", 	321 ," 	3,426 "," 	3,845 "," 	5,121 ", 	477 , 	659 ," 	1,073 ", 	393 , 	217 , 	523 , 	163 , 	188 , 	235 ," 	3,912 "," 	1,878 "," 	3,358 ", 	743 , 	341 , 	974 , 	458 ," 	12,757 "," 	11,186 "," 	11,008 "," 	9,338 "," 	3,300 "," 	2,820 "," 	1,159 "," 	1,326 "," 	1,523 ", 	429 , 	29 , 	133 , 	541 , 	572 , 	410 , 	660 ," 	3,209 ", 	482 , 	56 , 	473 , 	397 , 	-   , 	-   , 	489 , 	684 ," 	94,219 ",,,,,,,,,,,,,
SS, 	413 , 	743 , 	214 , 	185 , 	801 , 	201 , 	660 ," 	1,526 "," 	2,095 ", 	326 , 	389 , 	503 , 	298 , 	258 , 	178 , 	128 , 	135 , 	93 , 	615 , 	516 , 	534 , 	180 , 	199 , 	297 , 	528 ," 	14,780 "," 	16,494 "," 	11,958 "," 	8,798 "," 	3,665 "," 	2,701 ", 	894 ," 	1,744 "," 	1,661 ", 	484 , 	181 , 	571 , 	185 , 	372 , 	424 , 	942 ," 	1,879 "," 	1,565 ", 	162 , 	81 , 	111 , 	-   , 	-   , 	228 , 	459 ," 	82,354 ",,,,,,,,,,,,,
SB, 	528 , 	950 , 	317 , 	273 , 	921 , 	409 , 	762 ," 	1,462 "," 	1,989 ", 	421 , 	716 , 	613 , 	348 , 	369 , 	303 , 	173 , 	108 , 	220 , 	584 , 	703 , 	489 , 	198 , 	206 , 	319 , 	680 ," 	14,434 "," 	16,518 "," 	11,877 "," 	9,695 "," 	3,842 "," 	3,680 "," 	1,928 "," 	3,166 "," 	3,493 "," 	1,258 ", 	170 , 	297 , 	269 , 	688 , 	946 , 	411 ," 	1,934 "," 	1,322 ", 	99 , 	84 , 	65 , 	-   , 	-   , 	321 , 	499 ," 	91,057 ",,,,,,,,,,,,,
SO," 	1,876 "," 	3,496 "," 	2,062 "," 	2,903 "," 	4,949 "," 	1,765 "," 	3,781 "," 	3,020 "," 	3,847 "," 	1,273 "," 	1,830 "," 	1,189 "," 	1,204 ", 	811 , 	618 , 	585 , 	676 , 	861 ," 	3,807 "," 	4,716 "," 	4,692 "," 	2,405 "," 	2,860 "," 	4,194 "," 	3,985 "," 	12,256 "," 	12,826 "," 	28,290 "," 	12,165 "," 	5,360 "," 	4,334 "," 	2,955 "," 	4,143 "," 	6,350 "," 	4,352 ", 	501 ," 	3,162 "," 	1,461 "," 	3,237 "," 	1,589 "," 	1,439 "," 	1,566 "," 	7,708 "," 	1,025 ", 	495 , 	441 , 	-   , 	-   , 	686 ," 	2,778 "," 	182,524 ",,,,,,,,,,,,,
MB, 	704 ," 	1,752 ", 	828 , 	814 ," 	4,118 ", 	834 ," 	1,591 "," 	2,878 "," 	3,331 ", 	427 , 	598 , 	547 , 	342 , 	244 , 	163 , 	74 , 	106 , 	105 , 	706 , 	559 , 	605 , 	325 , 	374 , 	646 ," 	1,125 "," 	24,654 "," 	30,234 "," 	17,080 "," 	14,391 "," 	6,620 "," 	5,293 "," 	3,277 "," 	3,856 "," 	5,941 "," 	2,232 ", 	151 , 	464 , 	153 , 	464 ," 	1,565 ", 	997 ," 	8,296 "," 	1,423 ", 	193 , 	157 , 	47 , 	-   , 	-   , 	145 , 	371 ," 	151,800 ",,,,,,,,,,,,,
WD, 	184 , 	315 , 	186 , 	212 ," 	1,509 ", 	311 , 	595 ," 	2,774 "," 	3,023 "," 	2,592 "," 	1,622 "," 	3,853 "," 	1,702 "," 	1,951 "," 	1,041 ", 	539 , 	839 , 	674 , 	111 , 	113 , 	62 , 	12 , 	47 , 	114 , 	370 ," 	21,224 "," 	17,484 "," 	8,421 "," 	7,158 "," 	2,562 "," 	1,114 ", 	799 , 	752 ," 	1,043 ", 	102 ," 	1,965 "," 	1,210 ", 	17 , 	92 , 	180 , 	125 ," 	1,281 ", 	215 , 	553 , 	890 , 	572 , 	-   , 	-   , 	22 , 	47 ," 	92,579 ",,,,,,,,,,,,,
OA, 	286 , 	830 , 	844 , 	899 ," 	1,641 ", 	604 , 	744 , 	981 ," 	1,222 ", 	477 , 	317 , 	875 , 	200 , 	157 , 	287 , 	191 , 	427 , 	500 , 	680 ," 	1,075 ", 	854 , 	429 , 	367 , 	384 , 	255 ," 	4,318 "," 	3,404 "," 	2,703 "," 	1,890 ", 	692 , 	669 , 	409 , 	272 , 	407 , 	72 , 	228 ," 	1,591 ", 	277 , 	447 , 	80 , 	106 , 	665 , 	130 , 	722 , 	201 , 	413 , 	-   , 	-   , 	71 , 	488 ," 	35,781 ",,,,,,,,,,,,,
WS, 	472 ," 	1,363 ", 	723 , 	745 ," 	6,042 ", 	975 ," 	1,648 "," 	5,084 "," 	4,385 "," 	2,511 "," 	2,161 "," 	4,375 "," 	2,083 "," 	2,044 "," 	3,077 "," 	2,325 "," 	2,481 "," 	2,575 ", 	443 , 	427 , 	382 , 	128 , 	205 , 	425 , 	369 ," 	19,056 "," 	18,361 "," 	8,433 "," 	7,228 "," 	2,722 ", 	873 , 	382 , 	534 , 	973 , 	93 , 	453 ," 	1,187 ", 	161 , 	394 , 	115 , 	42 , 	608 , 	47 , 	487 , 	419 , 	862 , 	-   , 	-   , 	212 , 	351 ," 	111,441 ",,,,,,,,,,,,,
ML, 	-   , 	-   , 	-   , 	-   , 	-   , 	-   , 	-   , 	-   , 	-   , 	-   , 	-   , 	-   , 	-   , 	-   , 	-   , 	-   , 	-   , 	-   , 	-   , 	-   , 	-   , 	-   , 	-   , 	-   , 	-   , 	-   , 	-   , 	-   , 	-   , 	-   , 	-   , 	-   , 	-   , 	-   , 	-   , 	-   , 	-   , 	-   , 	-   , 	-   , 	-   , 	-   , 	-   , 	-   , 	-   , 	-   , 	-   , 	-   , 	-   , 	-   , 	-   ,,,,,,,,,,,,,
BE, 	-   , 	-   , 	-   , 	-   , 	-   , 	-   , 	-   , 	-   , 	-   , 	-   , 	-   , 	-   , 	-   , 	-   , 	-   , 	-   , 	-   , 	-   , 	-   , 	-   , 	-   , 	-   , 	-   , 	-   , 	-   , 	-   , 	-   , 	-   , 	-   , 	-   , 	-   , 	-   , 	-   , 	-   , 	-   , 	-   , 	-   , 	-   , 	-   , 	-   , 	-   , 	-   , 	-   , 	-   , 	-   , 	-   , 	-   , 	-   , 	-   , 	-   , 	-   ,,,,,,,,,,,,,
PC, 	246 , 	232 , 	90 , 	116 , 	697 , 	169 ," 	1,220 "," 	1,185 "," 	1,405 ", 	233 , 	373 , 	438 , 	216 , 	99 , 	214 , 	62 , 	71 , 	120 ," 	2,353 ", 	802 ," 	1,092 ", 	266 , 	202 , 	439 , 	224 ," 	2,509 "," 	2,714 "," 	2,772 "," 	2,259 ", 	881 , 	606 , 	288 , 	432 , 	393 , 	202 , 	21 , 	43 , 	391 , 	358 , 	142 , 	296 , 	631 , 	106 , 	39 , 	115 , 	210 , 	-   , 	-   , 	172 , 	657 ," 	28,801 ",,,,,,,,,,,,,
AN, 	331 , 	284 , 	153 , 	141 ," 	1,178 ", 	271 ," 	2,882 "," 	2,902 "," 	4,023 ", 	559 , 	546 ," 	1,344 ", 	411 , 	238 , 	583 , 	180 , 	215 , 	231 ," 	2,719 "," 	1,432 "," 	2,443 ", 	366 , 	253 , 	930 , 	514 ," 	9,469 "," 	7,470 "," 	7,327 "," 	6,545 "," 	2,617 "," 	1,454 "," 	1,063 "," 	1,014 "," 	1,413 ", 	532 , 	60 , 	137 , 	511 , 	754 , 	434 , 	648 ," 	2,974 ", 	455 , 	37 , 	690 , 	423 , 	-   , 	-   , 	728 , 	529 ," 	72,413 ",,,,,,,,,,,,,
Entries," 	116,335 "," 	192,093 "," 	118,201 "," 	107,603 "," 	290,985 "," 	129,506 "," 	223,744 "," 	318,441 "," 	333,700 "," 	176,109 "," 	195,999 "," 	180,750 "," 	154,854 "," 	134,760 "," 	116,498 "," 	75,651 "," 	116,200 "," 	141,854 "," 	137,041 "," 	179,110 "," 	156,251 "," 	84,596 "," 	80,559 "," 	138,855 "," 	201,675 "," 	1,018,382 "," 	1,004,429 "," 	794,938 "," 	613,710 "," 	338,532 "," 	320,846 "," 	194,488 "," 	281,696 "," 	227,721 "," 	108,949 "," 	72,257 "," 	217,957 "," 	48,203 "," 	93,370 "," 	84,019 "," 	91,024 "," 	210,321 "," 	163,162 "," 	89,015 "," 	38,327 "," 	114,284 ", 	-   , 	-   ," 	31,993 "," 	70,863 "," 	10,329,856 ",,,,,,,,,,,,,
,,,,,,,,,,,,,,,,,,,,,,,,,,,,,,,,,,,,,,,,,,,,,,,,,,,,,,,,,,,,,,,,
,,,,,,,,,,,,,,,,,,,,,,,,,,,,,,,,,,,,,,,,,,,,,,,,,,,,,,,,,,,,,,,,
,,,,,,,,,,,,,,,,,,,,,,,,,,,,,,,,,,,,,,,,,,,,,,,,,,,,,,,,,,,,,,,,
,,,,,,,,,,,,,,,,,,,,,,,,,,,,,,,,,,,,,,,,,,,,,,,,,,,,,,,,,,,,,,,,
,,,,,,,,,,,,,,,,,,,,,,,,,,,,,,,,,,,,,,,,,,,,,,,,,,,,,,,,,,,,,,,,
,,,,,,,,,,,,,,,,,,,,,,,,,,,,,,,,,,,,,,,,,,,,,,,,,,,,,,,,,,,,,,,,
,,,,,,,,,,,,,,,,,,,,,,,,,,,,,,,,,,,,,,,,,,,,,,,,,,,,,,,,,,,,,,,,
,,,,,,,,,,,,,,,,,,,,,,,,,,,,,,,,,,,,,,,,,,,,,,,,,,,,,,,,,,,,,,,,
,,,,,,,,,,,,,,,,,,,,,,,,,,,,,,,,,,,,,,,,,,,,,,,,,,,,,,,,,,,,,,,,
,,,,,,,,,,,,,,,,,,,,,,,,,,,,,,,,,,,,,,,,,,,,,,,,,,,,,,,,,,,,,,,,
,,,,,,,,,,,,,,,,,,,,,,,,,,,,,,,,,,,,,,,,,,,,,,,,,,,,,,,,,,,,,,,,
,,,,,,,,,,,,,,,,,,,,,,,,,,,,,,,,,,,,,,,,,,,,,,,,,,,,,,,,,,,,,,,,
,,,,,,,,,,,,,,,,,,,,,,,,,,,,,,,,,,,,,,,,,,,,,,,,,,,,,,,,,,,,,,,,
,,,,,,,,,,,,,,,,,,,,,,,,,,,,,,,,,,,,,,,,,,,,,,,,,,,,,,,,,,,,,,,,
,,,,,,,,,,,,,,,,,,,,,,,,,,,,,,,,,,,,,,,,,,,,,,,,,,,,,,,,,,,,,,,,
,,,,,,,,,,,,,,,,,,,,,,,,,,,,,,,,,,,,,,,,,,,,,,,,,,,,,,,,,,,,,,,,
,,,,,,,,,,,,,,,,,,,,,,,,,,,,,,,,,,,,,,,,,,,,,,,,,,,,,,,,,,,,,,,,