Exit stations,Entry stations->,,TOTAL,,,Apr 20,,,,,,,,,,,,,,,,,,,,,,,,,,,,,,,,,,,,,,,,,,,,,,,,,,,,,,,,,,
,RM,EN,EP,NB,BK,AS,MA,19,12,LM,FV,CL,SL,BF,HY,SH,UC,FM,CN,PH,WC,LF,OR,RR,OW,EM,MT,PL,CC,16,24,GP,BP,DC,CM,CV,ED,NC,WP,SS,SB,SO,MB,WD,OA,WS,ML,BE,PC,AN,Exits,,,,,,,,,,,,,
RM, 	164 , 	675 , 	448 , 	462 ," 	1,004 ", 	496 , 	773 , 	411 , 	628 , 	190 , 	615 , 	557 , 	240 , 	77 , 	141 , 	153 , 	67 , 	120 , 	152 , 	23 , 	86 , 	15 , 	27 , 	63 , 	214 ," 	1,266 "," 	1,225 "," 	1,620 "," 	1,799 ", 	933 , 	869 , 	291 , 	219 , 	171 , 	40 , 	19 , 	69 , 	38 , 	90 , 	84 , 	161 , 	123 , 	91 , 	11 , 	23 , 	54 , 	-   , 	-   , 	107 , 	72 ," 	17,176 ",,,,,,,,,,,,,
EN, 	667 , 	160 , 	374 , 	322 ," 	1,492 ", 	685 , 	928 , 	673 , 	857 , 	308 , 	619 , 	554 , 	279 , 	247 , 	146 , 	169 , 	105 , 	211 , 	77 , 	83 , 	149 , 	24 , 	44 , 	87 , 	263 ," 	1,851 "," 	1,626 "," 	2,141 "," 	2,319 ", 	981 , 	714 , 	291 , 	390 , 	211 , 	93 , 	25 , 	89 , 	46 , 	86 , 	158 , 	135 , 	280 , 	116 , 	35 , 	45 , 	88 , 	-   , 	-   , 	52 , 	93 ," 	21,388 ",,,,,,,,,,,,,
EP, 	484 , 	372 , 	71 , 	161 , 	917 , 	267 , 	367 , 	343 , 	446 , 	76 , 	242 , 	150 , 	134 , 	89 , 	56 , 	49 , 	88 , 	30 , 	52 , 	32 , 	13 , 	4 , 	7 , 	56 , 	73 , 	404 , 	391 , 	450 , 	463 , 	277 , 	130 , 	39 , 	58 , 	35 , 	29 , 	34 , 	18 , 	24 , 	45 , 	13 , 	36 , 	73 , 	49 , 	2 , 	8 , 	20 , 	-   , 	-   , 	21 , 	31 ," 	7,229 ",,,,,,,,,,,,,
NB, 	414 , 	327 , 	200 , 	27 , 	181 , 	103 , 	172 , 	180 , 	181 , 	123 , 	372 , 	135 , 	148 , 	73 , 	57 , 	22 , 	15 , 	42 , 	22 , 	42 , 	15 , 	6 , 	15 , 	20 , 	44 , 	200 , 	197 , 	224 , 	328 , 	114 , 	97 , 	13 , 	39 , 	42 , 	35 , 	39 , 	17 , 	4 , 	80 , 	3 , 	16 , 	26 , 	14 , 	2 , 	7 , 	40 , 	-   , 	-   , 	4 , 	5 ," 	4,482 ",,,,,,,,,,,,,
BK," 	1,205 "," 	1,577 ", 	974 , 	200 , 	198 , 	666 , 	733 , 	635 ," 	1,123 ", 	263 , 	736 , 	485 , 	322 , 	241 , 	210 , 	121 , 	99 , 	47 , 	63 , 	50 , 	55 , 	34 , 	16 , 	64 , 	200 , 	441 , 	356 , 	434 , 	801 , 	249 , 	203 , 	64 , 	86 , 	115 , 	38 , 	30 , 	75 , 	15 , 	107 , 	7 , 	39 , 	57 , 	38 , 	26 , 	39 , 	74 , 	-   , 	-   , 	39 , 	86 ," 	13,736 ",,,,,,,,,,,,,
AS, 	482 , 	670 , 	290 , 	120 , 	499 , 	44 , 	307 , 	343 , 	455 , 	119 , 	426 , 	298 , 	226 , 	142 , 	115 , 	100 , 	132 , 	32 , 	95 , 	35 , 	42 , 	10 , 	34 , 	29 , 	145 , 	385 , 	367 , 	506 , 	546 , 	243 , 	184 , 	44 , 	105 , 	16 , 	4 , 	29 , 	26 , 	14 , 	46 , 	13 , 	95 , 	26 , 	27 , 	10 , 	10 , 	34 , 	-   , 	-   , 	18 , 	46 ," 	7,984 ",,,,,,,,,,,,,
MA, 	805 , 	954 , 	384 , 	199 , 	581 , 	337 , 	187 , 	360 , 	635 , 	196 , 	760 , 	659 , 	421 , 	467 , 	290 , 	216 , 	187 , 	165 , 	396 , 	253 , 	285 , 	115 , 	71 , 	153 , 	314 , 	913 , 	671 ," 	1,076 "," 	1,465 ", 	565 , 	386 , 	258 , 	115 , 	194 , 	93 , 	60 , 	191 , 	125 , 	540 , 	47 , 	76 , 	147 , 	47 , 	65 , 	29 , 	114 , 	-   , 	-   , 	296 , 	410 ," 	17,273 ",,,,,,,,,,,,,
19, 	485 , 	726 , 	282 , 	146 , 	517 , 	381 , 	332 , 	99 , 	124 , 	56 , 	445 , 	668 , 	567 , 	513 , 	348 , 	212 , 	174 , 	105 , 	325 , 	287 , 	195 , 	61 , 	49 , 	165 , 	252 , 	773 , 	698 ," 	1,059 "," 	1,090 ", 	521 , 	260 , 	166 , 	160 , 	160 , 	90 , 	50 , 	123 , 	133 , 	298 , 	99 , 	93 , 	44 , 	48 , 	43 , 	22 , 	136 , 	-   , 	-   , 	113 , 	287 ," 	13,980 ",,,,,,,,,,,,,
12, 	659 , 	940 , 	380 , 	164 , 	850 , 	379 , 	475 , 	128 , 	182 , 	91 , 	664 , 	614 , 	754 , 	655 , 	447 , 	191 , 	281 , 	237 , 	411 , 	445 , 	249 , 	41 , 	72 , 	136 , 	516 , 	915 , 	803 ," 	1,550 "," 	1,514 ", 	701 , 	509 , 	248 , 	343 , 	314 , 	155 , 	56 , 	123 , 	81 , 	397 , 	115 , 	113 , 	138 , 	71 , 	23 , 	19 , 	140 , 	-   , 	-   , 	152 , 	302 ," 	18,743 ",,,,,,,,,,,,,
LM, 	195 , 	245 , 	66 , 	112 , 	203 , 	137 , 	157 , 	80 , 	111 , 	81 , 	825 ," 	1,035 ", 	751 , 	737 , 	482 , 	321 , 	239 , 	275 , 	70 , 	67 , 	72 , 	7 , 	26 , 	59 , 	226 , 	719 , 	697 ," 	1,158 "," 	1,271 ", 	399 , 	350 , 	100 , 	136 , 	122 , 	26 , 	239 , 	503 , 	12 , 	59 , 	21 , 	29 , 	40 , 	10 , 	164 , 	21 , 	126 , 	-   , 	-   , 	56 , 	79 ," 	12,916 ",,,,,,,,,,,,,
FV, 	640 , 	600 , 	221 , 	336 , 	688 , 	497 , 	740 , 	516 , 	749 , 	661 , 	204 ," 	1,437 "," 	1,609 "," 	1,310 "," 	1,052 ", 	644 , 	440 , 	467 , 	192 , 	159 , 	131 , 	79 , 	78 , 	273 , 	732 ," 	1,550 "," 	1,520 "," 	2,539 "," 	3,328 "," 	1,075 ", 	947 , 	231 , 	331 , 	273 , 	39 , 	412 , 	812 , 	26 , 	101 , 	44 , 	105 , 	126 , 	49 , 	195 , 	49 , 	282 , 	-   , 	-   , 	83 , 	74 ," 	28,646 ",,,,,,,,,,,,,
CL, 	581 , 	569 , 	177 , 	111 , 	428 , 	317 , 	767 , 	726 , 	986 , 	716 ," 	1,346 ", 	152 , 	947 ," 	1,012 ", 	810 , 	557 , 	359 , 	277 , 	105 , 	87 , 	80 , 	23 , 	18 , 	95 , 	727 ," 	1,002 "," 	1,175 "," 	1,180 "," 	1,684 ", 	732 , 	548 , 	196 , 	228 , 	176 , 	52 , 	255 , 	444 , 	63 , 	135 , 	118 , 	87 , 	100 , 	72 , 	155 , 	54 , 	188 , 	-   , 	-   , 	92 , 	163 ," 	20,872 ",,,,,,,,,,,,,
SL, 	227 , 	280 , 	144 , 	129 , 	274 , 	296 , 	478 , 	631 , 	899 , 	687 ," 	1,709 "," 	1,033 ", 	65 , 	645 , 	758 , 	682 , 	362 , 	350 , 	68 , 	31 , 	41 , 	15 , 	32 , 	92 , 	334 ," 	1,019 "," 	1,260 "," 	1,228 "," 	1,439 ", 	522 , 	289 , 	115 , 	161 , 	160 , 	19 , 	293 , 	503 , 	8 , 	53 , 	66 , 	41 , 	200 , 	28 , 	144 , 	13 , 	212 , 	-   , 	-   , 	83 , 	122 ," 	18,240 ",,,,,,,,,,,,,
BF, 	104 , 	224 , 	43 , 	87 , 	201 , 	149 , 	474 , 	478 , 	842 , 	689 ," 	1,154 ", 	940 , 	653 , 	96 , 	500 , 	502 , 	378 , 	488 , 	119 , 	26 , 	53 , 	27 , 	44 , 	76 , 	273 , 	798 , 	899 ," 	1,136 "," 	1,502 ", 	468 , 	306 , 	152 , 	193 , 	152 , 	45 , 	277 , 	661 , 	22 , 	29 , 	35 , 	17 , 	116 , 	23 , 	158 , 	21 , 	186 , 	-   , 	-   , 	25 , 	65 ," 	15,906 ",,,,,,,,,,,,,
HY, 	137 , 	166 , 	42 , 	70 , 	185 , 	117 , 	337 , 	378 , 	496 , 	431 ," 	1,091 ", 	749 , 	869 , 	558 , 	75 , 	518 , 	697 , 	752 , 	75 , 	19 , 	56 , 	21 , 	17 , 	66 , 	181 , 	546 , 	350 , 	512 , 	796 , 	232 , 	204 , 	137 , 	97 , 	86 , 	23 , 	83 , 	383 , 	20 , 	40 , 	13 , 	65 , 	70 , 	57 , 	88 , 	10 , 	307 , 	-   , 	-   , 	53 , 	68 ," 	12,343 ",,,,,,,,,,,,,
SH, 	131 , 	162 , 	69 , 	31 , 	116 , 	52 , 	223 , 	200 , 	171 , 	341 , 	575 , 	543 , 	501 , 	462 , 	345 , 	74 , 	316 , 	440 , 	49 , 	24 , 	50 , 	3 , 	8 , 	14 , 	154 , 	411 , 	469 , 	460 , 	637 , 	173 , 	172 , 	49 , 	50 , 	44 , 	48 , 	142 , 	105 , 	3 , 	43 , 	44 , 	60 , 	53 , 	29 , 	120 , 	16 , 	281 , 	-   , 	-   , 	20 , 	36 ," 	8,519 ",,,,,,,,,,,,,
UC, 	83 , 	117 , 	79 , 	16 , 	67 , 	109 , 	193 , 	148 , 	355 , 	212 , 	528 , 	381 , 	384 , 	473 , 	610 , 	272 , 	48 , 	479 , 	64 , 	35 , 	20 , 	5 , 	3 , 	18 , 	49 , 	254 , 	344 , 	271 , 	527 , 	163 , 	181 , 	12 , 	21 , 	52 , 	42 , 	57 , 	203 , 	4 , 	34 , 	31 , 	10 , 	27 , 	7 , 	86 , 	25 , 	296 , 	-   , 	-   , 	33 , 	14 ," 	7,442 ",,,,,,,,,,,,,
FM, 	154 , 	171 , 	25 , 	41 , 	39 , 	30 , 	177 , 	147 , 	229 , 	243 , 	490 , 	290 , 	372 , 	420 , 	750 , 	420 ," 	1,389 ", 	71 , 	43 , 	29 , 	24 , 	2 , 	22 , 	13 , 	47 , 	191 , 	271 , 	320 , 	369 , 	143 , 	89 , 	72 , 	30 , 	47 , 	27 , 	92 , 	167 , 	10 , 	26 , 	2 , 	1 , 	28 , 	28 , 	19 , 	15 , 	364 , 	-   , 	-   , 	21 , 	35 ," 	8,005 ",,,,,,,,,,,,,
CN, 	170 , 	105 , 	68 , 	40 , 	114 , 	79 , 	393 , 	318 , 	423 , 	77 , 	208 , 	131 , 	82 , 	118 , 	72 , 	49 , 	57 , 	34 , 	95 , 	448 , 	773 , 	446 , 	143 , 	157 , 	170 , 	770 , 	821 , 	893 ," 	1,171 ", 	316 , 	324 , 	175 , 	142 , 	126 , 	37 , 	4 , 	17 , 	322 , 	830 , 	62 , 	94 , 	251 , 	82 , 	15 , 	27 , 	42 , 	-   , 	-   , 	487 , 	428 ," 	12,206 ",,,,,,,,,,,,,
PH, 	36 , 	92 , 	54 , 	52 , 	62 , 	44 , 	309 , 	312 , 	441 , 	68 , 	99 , 	75 , 	21 , 	22 , 	20 , 	8 , 	42 , 	32 , 	437 , 	76 , 	261 , 	139 , 	143 , 	171 , 	75 , 	568 , 	579 , 	521 , 	855 , 	249 , 	118 , 	75 , 	65 , 	87 , 	15 , 	3 , 	33 , 	148 , 	328 , 	39 , 	69 , 	102 , 	16 , 	1 , 	42 , 	25 , 	-   , 	-   , 	141 , 	144 ," 	7,314 ",,,,,,,,,,,,,
WC, 	62 , 	129 , 	39 , 	30 , 	48 , 	29 , 	321 , 	208 , 	272 , 	60 , 	117 , 	64 , 	45 , 	57 , 	53 , 	43 , 	12 , 	23 , 	910 , 	340 , 	55 , 	207 , 	74 , 	156 , 	47 , 	314 , 	441 , 	321 , 	441 , 	113 , 	115 , 	27 , 	24 , 	68 , 	31 , 	18 , 	8 , 	196 , 	494 , 	22 , 	37 , 	103 , 	6 , 	8 , 	23 , 	6 , 	-   , 	-   , 	264 , 	277 ," 	6,758 ",,,,,,,,,,,,,
LF, 	23 , 	42 , 	13 , 	13 , 	32 , 	25 , 	154 , 	40 , 	56 , 	8 , 	96 , 	16 , 	11 , 	42 , 	2 , 	1 , 	-   , 	3 , 	538 , 	166 , 	225 , 	14 , 	44 , 	85 , 	12 , 	70 , 	193 , 	31 , 	177 , 	25 , 	35 , 	8 , 	26 , 	5 , 	3 , 	-   , 	5 , 	41 , 	178 , 	-   , 	9 , 	17 , 	-   , 	3 , 	9 , 	1 , 	-   , 	-   , 	39 , 	67 ," 	2,603 ",,,,,,,,,,,,,
OR, 	47 , 	43 , 	35 , 	17 , 	16 , 	28 , 	76 , 	63 , 	77 , 	28 , 	69 , 	28 , 	24 , 	40 , 	18 , 	8 , 	2 , 	23 , 	120 , 	106 , 	89 , 	35 , 	30 , 	80 , 	11 , 	140 , 	145 , 	100 , 	179 , 	68 , 	34 , 	8 , 	10 , 	7 , 	1 , 	-   , 	5 , 	14 , 	30 , 	1 , 	5 , 	30 , 	8 , 	1 , 	4 , 	7 , 	-   , 	-   , 	43 , 	43 ," 	1,996 ",,,,,,,,,,,,,
RR, 	73 , 	130 , 	64 , 	17 , 	50 , 	22 , 	160 , 	159 , 	163 , 	82 , 	324 , 	71 , 	103 , 	60 , 	65 , 	22 , 	13 , 	17 , 	168 , 	178 , 	162 , 	84 , 	135 , 	37 , 	111 , 	286 , 	219 , 	191 , 	321 , 	113 , 	85 , 	40 , 	33 , 	23 , 	16 , 	9 , 	18 , 	12 , 	139 , 	28 , 	20 , 	25 , 	6 , 	1 , 	5 , 	2 , 	-   , 	-   , 	98 , 	107 ," 	4,267 ",,,,,,,,,,,,,
OW, 	165 , 	174 , 	53 , 	56 , 	181 , 	89 , 	347 , 	198 , 	598 , 	172 , 	658 , 	631 , 	375 , 	273 , 	132 , 	142 , 	69 , 	35 , 	160 , 	77 , 	50 , 	12 , 	18 , 	95 , 	128 ," 	1,947 "," 	1,466 "," 	2,058 "," 	2,367 ", 	863 , 	587 , 	194 , 	258 , 	180 , 	82 , 	53 , 	126 , 	8 , 	134 , 	106 , 	97 , 	157 , 	53 , 	18 , 	16 , 	13 , 	-   , 	-   , 	88 , 	106 ," 	15,865 ",,,,,,,,,,,,,
EM," 	1,533 "," 	1,939 ", 	403 , 	254 , 	480 , 	415 , 	931 , 	948 ," 	1,108 ", 	864 ," 	1,880 "," 	1,115 "," 	1,453 ", 	945 , 	750 , 	525 , 	253 , 	287 , 	837 , 	635 , 	362 , 	102 , 	154 , 	310 ," 	2,040 ", 	173 , 	123 , 	395 , 	572 , 	944 ," 	1,453 ", 	859 ," 	1,825 "," 	1,142 ", 	508 , 	355 , 	687 , 	277 , 	934 , 	305 , 	247 , 	151 , 	151 , 	219 , 	47 , 	283 , 	-   , 	-   , 	338 , 	868 ," 	33,379 ",,,,,,,,,,,,,
MT," 	1,539 "," 	1,839 ", 	470 , 	258 , 	460 , 	377 , 	726 , 	935 ," 	1,066 ", 	865 ," 	1,968 "," 	1,412 "," 	1,509 "," 	1,030 ", 	487 , 	516 , 	445 , 	302 , 	898 , 	588 , 	455 , 	125 , 	157 , 	262 ," 	1,710 ", 	140 , 	144 , 	261 , 	437 ," 	1,362 "," 	1,860 "," 	1,444 "," 	3,376 "," 	1,938 ", 	672 , 	388 , 	761 , 	275 ," 	1,136 ", 	391 , 	386 , 	171 , 	283 , 	145 , 	18 , 	168 , 	-   , 	-   , 	262 , 	679 ," 	37,096 ",,,,,,,,,,,,,
PL," 	1,539 "," 	1,537 ", 	340 , 	228 , 	425 , 	465 , 	955 , 	875 ," 	1,474 ", 	879 ," 	2,198 "," 	1,118 "," 	1,108 ", 	899 , 	477 , 	378 , 	259 , 	271 , 	747 , 	395 , 	240 , 	50 , 	66 , 	162 ," 	1,950 ", 	412 , 	241 , 	261 , 	437 ," 	2,106 "," 	2,454 "," 	1,431 "," 	2,807 "," 	2,110 ", 	730 , 	226 , 	505 , 	136 , 	691 , 	543 , 	388 , 	438 , 	279 , 	150 , 	44 , 	128 , 	-   , 	-   , 	402 , 	572 ," 	36,526 ",,,,,,,,,,,,,
CC," 	1,572 "," 	1,969 ", 	376 , 	337 , 	649 , 	509 ," 	1,366 "," 	1,091 "," 	1,735 "," 	1,043 "," 	3,259 "," 	1,730 "," 	1,194 "," 	1,286 ", 	784 , 	545 , 	377 , 	300 , 	945 , 	690 , 	441 , 	167 , 	169 , 	323 ," 	2,441 ", 	493 , 	436 , 	454 , 	346 ," 	2,045 "," 	2,247 "," 	1,436 "," 	3,096 "," 	2,567 ", 	905 , 	375 , 	913 , 	359 , 	976 , 	637 , 	637 , 	437 , 	547 , 	207 , 	23 , 	207 , 	-   , 	-   , 	370 , 	989 ," 	46,000 ",,,,,,,,,,,,,
16, 	850 , 	996 , 	244 , 	127 , 	242 , 	240 , 	585 , 	542 , 	621 , 	390 ," 	1,062 ", 	684 , 	545 , 	446 , 	266 , 	218 , 	166 , 	154 , 	272 , 	237 , 	129 , 	38 , 	78 , 	108 , 	867 , 	747 ," 	1,129 "," 	2,272 "," 	2,224 ", 	168 , 	423 , 	858 ," 	1,929 "," 	1,686 ", 	488 , 	143 , 	220 , 	109 , 	416 , 	475 , 	327 , 	297 , 	284 , 	65 , 	32 , 	38 , 	-   , 	-   , 	268 , 	413 ," 	25,118 ",,,,,,,,,,,,,
24, 	767 , 	637 , 	133 , 	98 , 	192 , 	128 , 	412 , 	284 , 	505 , 	400 , 	878 , 	545 , 	274 , 	252 , 	158 , 	189 , 	163 , 	92 , 	325 , 	118 , 	129 , 	31 , 	44 , 	86 , 	629 ," 	1,233 "," 	1,538 "," 	2,761 "," 	2,858 ", 	474 , 	187 , 	705 ," 	1,535 "," 	1,221 ", 	598 , 	78 , 	163 , 	74 , 	464 , 	491 , 	411 , 	132 , 	234 , 	65 , 	12 , 	43 , 	-   , 	-   , 	103 , 	215 ," 	23,064 ",,,,,,,,,,,,,
GP, 	304 , 	278 , 	27 , 	15 , 	57 , 	65 , 	238 , 	173 , 	258 , 	111 , 	185 , 	214 , 	92 , 	173 , 	141 , 	39 , 	36 , 	44 , 	122 , 	81 , 	24 , 	10 , 	3 , 	51 , 	212 , 	836 ," 	1,239 "," 	1,673 "," 	1,413 ", 	738 , 	634 , 	145 , 	355 , 	273 , 	165 , 	22 , 	67 , 	7 , 	171 , 	118 , 	191 , 	144 , 	140 , 	56 , 	10 , 	21 , 	-   , 	-   , 	74 , 	154 ," 	11,599 ",,,,,,,,,,,,,
BP, 	180 , 	293 , 	59 , 	29 , 	96 , 	118 , 	116 , 	119 , 	376 , 	111 , 	324 , 	208 , 	146 , 	214 , 	83 , 	70 , 	26 , 	37 , 	136 , 	60 , 	35 , 	22 , 	7 , 	34 , 	246 ," 	1,617 "," 	2,056 "," 	3,569 "," 	3,052 "," 	1,789 "," 	1,535 ", 	296 , 	116 , 	305 , 	211 , 	17 , 	70 , 	21 , 	84 , 	230 , 	453 , 	444 , 	211 , 	10 , 	18 , 	22 , 	-   , 	-   , 	28 , 	107 ," 	19,406 ",,,,,,,,,,,,,
DC, 	146 , 	168 , 	21 , 	49 , 	118 , 	24 , 	187 , 	184 , 	288 , 	143 , 	277 , 	159 , 	129 , 	122 , 	68 , 	71 , 	87 , 	55 , 	84 , 	53 , 	80 , 	7 , 	13 , 	20 , 	163 ," 	1,243 "," 	1,602 "," 	2,521 "," 	2,601 "," 	1,534 "," 	1,274 ", 	271 , 	329 , 	93 , 	112 , 	20 , 	98 , 	40 , 	108 , 	242 , 	350 , 	642 , 	250 , 	27 , 	8 , 	53 , 	-   , 	-   , 	53 , 	193 ," 	16,380 ",,,,,,,,,,,,,
CM, 	44 , 	83 , 	10 , 	25 , 	55 , 	7 , 	95 , 	86 , 	116 , 	12 , 	75 , 	46 , 	30 , 	41 , 	23 , 	40 , 	25 , 	16 , 	31 , 	5 , 	38 , 	2 , 	-   , 	11 , 	47 , 	429 , 	465 , 	854 , 	767 , 	509 , 	550 , 	155 , 	224 , 	113 , 	37 , 	4 , 	39 , 	9 , 	92 , 	55 , 	177 , 	525 , 	209 , 	3 , 	-   , 	13 , 	-   , 	-   , 	27 , 	85 ," 	6,304 ",,,,,,,,,,,,,
CV, 	13 , 	19 , 	27 , 	12 , 	29 , 	65 , 	46 , 	58 , 	63 , 	222 , 	377 , 	233 , 	307 , 	297 , 	79 , 	106 , 	84 , 	89 , 	8 , 	4 , 	19 , 	1 , 	2 , 	7 , 	73 , 	234 , 	387 , 	257 , 	383 , 	173 , 	88 , 	37 , 	19 , 	25 , 	5 , 	42 , 	473 , 	4 , 	4 , 	11 , 	16 , 	46 , 	16 , 	246 , 	10 , 	22 , 	-   , 	-   , 	2 , 	7 ," 	4,747 ",,,,,,,,,,,,,
ED, 	68 , 	113 , 	14 , 	36 , 	54 , 	44 , 	205 , 	140 , 	145 , 	432 , 	804 , 	335 , 	416 , 	610 , 	245 , 	180 , 	158 , 	151 , 	17 , 	34 , 	14 , 	5 , 	5 , 	8 , 	131 , 	597 , 	677 , 	606 ," 	1,000 ", 	237 , 	161 , 	58 , 	56 , 	157 , 	41 , 	403 , 	90 , 	4 , 	6 , 	42 , 	36 , 	86 , 	31 , 	121 , 	33 , 	129 , 	-   , 	-   , 	29 , 	10 ," 	8,974 ",,,,,,,,,,,,,
NC, 	24 , 	41 , 	23 , 	8 , 	12 , 	1 , 	112 , 	112 , 	78 , 	21 , 	15 , 	25 , 	16 , 	22 , 	7 , 	6 , 	8 , 	9 , 	293 , 	172 , 	140 , 	37 , 	4 , 	12 , 	4 , 	234 , 	249 , 	164 , 	318 , 	65 , 	82 , 	26 , 	12 , 	31 , 	4 , 	-   , 	4 , 	13 , 	132 , 	5 , 	38 , 	101 , 	15 , 	1 , 	8 , 	3 , 	-   , 	-   , 	51 , 	64 ," 	2,822 ",,,,,,,,,,,,,
WP, 	76 , 	96 , 	19 , 	74 , 	95 , 	38 , 	477 , 	241 , 	419 , 	63 , 	116 , 	104 , 	71 , 	28 , 	35 , 	48 , 	40 , 	24 , 	831 , 	280 , 	453 , 	135 , 	37 , 	120 , 	135 , 	705 , 	920 ," 	1,062 "," 	1,200 ", 	461 , 	491 , 	113 , 	123 , 	131 , 	98 , 	1 , 	12 , 	119 , 	102 , 	50 , 	67 , 	265 , 	17 , 	1 , 	35 , 	34 , 	-   , 	-   , 	101 , 	274 ," 	10,437 ",,,,,,,,,,,,,
SS, 	78 , 	123 , 	14 , 	7 , 	10 , 	13 , 	46 , 	109 , 	100 , 	25 , 	43 , 	77 , 	50 , 	36 , 	23 , 	34 , 	30 , 	11 , 	32 , 	61 , 	20 , 	4 , 	3 , 	19 , 	102 , 	369 , 	317 , 	634 , 	700 , 	404 , 	371 , 	79 , 	191 , 	208 , 	62 , 	18 , 	46 , 	3 , 	52 , 	44 , 	88 , 	136 , 	87 , 	1 , 	1 , 	-   , 	-   , 	-   , 	35 , 	76 ," 	4,992 ",,,,,,,,,,,,,
SB, 	141 , 	102 , 	38 , 	14 , 	35 , 	85 , 	79 , 	88 , 	96 , 	21 , 	66 , 	69 , 	60 , 	33 , 	49 , 	50 , 	12 , 	8 , 	84 , 	59 , 	31 , 	2 , 	2 , 	20 , 	92 , 	251 , 	366 , 	431 , 	685 , 	414 , 	404 , 	234 , 	362 , 	421 , 	160 , 	14 , 	28 , 	39 , 	72 , 	128 , 	39 , 	164 , 	95 , 	6 , 	5 , 	11 , 	-   , 	-   , 	42 , 	100 ," 	5,807 ",,,,,,,,,,,,,
SO, 	151 , 	279 , 	32 , 	18 , 	58 , 	10 , 	140 , 	66 , 	125 , 	66 , 	114 , 	67 , 	184 , 	126 , 	46 , 	47 , 	30 , 	18 , 	252 , 	94 , 	92 , 	15 , 	35 , 	19 , 	203 , 	90 , 	126 , 	492 , 	429 , 	271 , 	148 , 	117 , 	439 , 	605 , 	445 , 	29 , 	71 , 	77 , 	305 , 	105 , 	107 , 	104 , 	385 , 	5 , 	27 , 	17 , 	-   , 	-   , 	62 , 	367 ," 	7,110 ",,,,,,,,,,,,,
MB, 	80 , 	160 , 	43 , 	16 , 	40 , 	24 , 	45 , 	47 , 	68 , 	19 , 	49 , 	66 , 	31 , 	15 , 	48 , 	32 , 	1 , 	28 , 	75 , 	20 , 	12 , 	1 , 	7 , 	7 , 	42 , 	181 , 	261 , 	317 , 	518 , 	276 , 	217 , 	109 , 	224 , 	304 , 	201 , 	14 , 	30 , 	1 , 	15 , 	86 , 	95 , 	319 , 	56 , 	7 , 	4 , 	2 , 	-   , 	-   , 	13 , 	51 ," 	4,277 ",,,,,,,,,,,,,
WD, 	23 , 	21 , 	4 , 	3 , 	5 , 	14 , 	38 , 	44 , 	31 , 	171 , 	186 , 	170 , 	164 , 	214 , 	113 , 	91 , 	52 , 	27 , 	17 , 	2 , 	5 , 	4 , 	2 , 	5 , 	36 , 	150 , 	131 , 	165 , 	239 , 	75 , 	93 , 	61 , 	7 , 	29 , 	2 , 	282 , 	174 , 	4 , 	4 , 	1 , 	7 , 	14 , 	7 , 	20 , 	19 , 	31 , 	-   , 	-   , 	1 , 	-   ," 	2,958 ",,,,,,,,,,,,,
OA, 	12 , 	38 , 	5 , 	13 , 	16 , 	9 , 	15 , 	16 , 	26 , 	19 , 	43 , 	36 , 	7 , 	7 , 	8 , 	25 , 	12 , 	7 , 	28 , 	35 , 	18 , 	5 , 	7 , 	5 , 	7 , 	24 , 	14 , 	36 , 	40 , 	26 , 	31 , 	5 , 	17 , 	5 , 	1 , 	4 , 	31 , 	3 , 	43 , 	4 , 	4 , 	40 , 	1 , 	6 , 	3 , 	3 , 	-   , 	-   , 	13 , 	35 , 	808 ,,,,,,,,,,,,,
WS, 	48 , 	103 , 	9 , 	38 , 	81 , 	40 , 	92 , 	135 , 	158 , 	110 , 	235 , 	213 , 	238 , 	161 , 	369 , 	305 , 	304 , 	370 , 	29 , 	21 , 	15 , 	3 , 	13 , 	4 , 	22 , 	218 , 	151 , 	172 , 	227 , 	40 , 	80 , 	40 , 	27 , 	50 , 	14 , 	20 , 	159 , 	4 , 	35 , 	3 , 	3 , 	16 , 	7 , 	28 , 	8 , 	29 , 	-   , 	-   , 	7 , 	36 ," 	4,490 ",,,,,,,,,,,,,
ML, 	-   , 	-   , 	-   , 	-   , 	-   , 	-   , 	-   , 	-   , 	-   , 	-   , 	-   , 	-   , 	-   , 	-   , 	-   , 	-   , 	-   , 	-   , 	-   , 	-   , 	-   , 	-   , 	-   , 	-   , 	-   , 	-   , 	-   , 	-   , 	-   , 	-   , 	-   , 	-   , 	-   , 	-   , 	-   , 	-   , 	-   , 	-   , 	-   , 	-   , 	-   , 	-   , 	-   , 	-   , 	-   , 	-   , 	-   , 	-   , 	-   , 	-   , 	-   ,,,,,,,,,,,,,
BE, 	-   , 	-   , 	-   , 	-   , 	-   , 	-   , 	-   , 	-   , 	-   , 	-   , 	-   , 	-   , 	-   , 	-   , 	-   , 	-   , 	-   , 	-   , 	-   , 	-   , 	-   , 	-   , 	-   , 	-   , 	-   , 	-   , 	-   , 	-   , 	-   , 	-   , 	-   , 	-   , 	-   , 	-   , 	-   , 	-   , 	-   , 	-   , 	-   , 	-   , 	-   , 	-   , 	-   , 	-   , 	-   , 	-   , 	-   , 	-   , 	-   , 	-   , 	-   ,,,,,,,,,,,,,
PC, 	116 , 	40 , 	20 , 	11 , 	23 , 	25 , 	358 , 	126 , 	169 , 	35 , 	101 , 	71 , 	87 , 	23 , 	44 , 	29 , 	36 , 	8 , 	519 , 	155 , 	271 , 	35 , 	47 , 	58 , 	66 , 	271 , 	205 , 	331 , 	417 , 	213 , 	86 , 	71 , 	39 , 	34 , 	14 , 	4 , 	9 , 	52 , 	83 , 	40 , 	68 , 	57 , 	14 , 	1 , 	2 , 	10 , 	-   , 	-   , 	57 , 	175 ," 	4,726 ",,,,,,,,,,,,,
AN, 	78 , 	78 , 	27 , 	5 , 	92 , 	63 , 	405 , 	237 , 	270 , 	72 , 	86 , 	204 , 	100 , 	51 , 	54 , 	27 , 	16 , 	38 , 	501 , 	220 , 	285 , 	68 , 	47 , 	155 , 	110 , 	581 , 	571 , 	598 ," 	1,090 ", 	386 , 	269 , 	155 , 	137 , 	151 , 	106 , 	6 , 	16 , 	89 , 	256 , 	75 , 	83 , 	226 , 	58 , 	1 , 	42 , 	27 , 	-   , 	-   , 	166 , 	84 ," 	8,462 ",,,,,,,,,,,,,
Entries," 	17,575 "," 	20,602 "," 	6,953 "," 	4,634 "," 	12,267 "," 	8,157 "," 	17,249 "," 	14,430 "," 	20,794 "," 	12,072 "," 	28,713 "," 	20,597 "," 	18,114 "," 	15,860 "," 	11,911 "," 	9,067 "," 	8,191 "," 	7,101 "," 	11,889 "," 	7,137 "," 	6,539 "," 	2,298 "," 	2,072 "," 	4,066 "," 	16,626 "," 	28,961 "," 	30,531 "," 	42,265 "," 	49,342 "," 	24,948 "," 	22,874 "," 	11,710 "," 	20,565 "," 	16,465 "," 	6,662 "," 	4,744 "," 	9,390 "," 	3,108 "," 	10,523 "," 	5,252 "," 	5,728 "," 	7,314 "," 	4,352 "," 	2,784 ", 	961 ," 	4,332 ", 	-   , 	-   ," 	4,932 "," 	8,714 "," 	631,371 ",,,,,,,,,,,,,
,,,,,,,,,,,,,,,,,,,,,,,,,,,,,,,,,,,,,,,,,,,,,,,,,,,,,,,,,,,,,,,,
,,,,,,,,,,,,,,,,,,,,,,,,,,,,,,,,,,,,,,,,,,,,,,,,,,,,,,,,,,,,,,,,
,,,,,,,,,,,,,,,,,,,,,,,,,,,,,,,,,,,,,,,,,,,,,,,,,,,,,,,,,,,,,,,,
,,,,,,,,,,,,,,,,,,,,,,,,,,,,,,,,,,,,,,,,,,,,,,,,,,,,,,,,,,,,,,,,
,,,,,,,,,,,,,,,,,,,,,,,,,,,,,,,,,,,,,,,,,,,,,,,,,,,,,,,,,,,,,,,,
,,,,,,,,,,,,,,,,,,,,,,,,,,,,,,,,,,,,,,,,,,,,,,,,,,,,,,,,,,,,,,,,
,,,,,,,,,,,,,,,,,,,,,,,,,,,,,,,,,,,,,,,,,,,,,,,,,,,,,,,,,,,,,,,,
,,,,,,,,,,,,,,,,,,,,,,,,,,,,,,,,,,,,,,,,,,,,,,,,,,,,,,,,,,,,,,,,
,,,,,,,,,,,,,,,,,,,,,,,,,,,,,,,,,,,,,,,,,,,,,,,,,,,,,,,,,,,,,,,,
,,,,,,,,,,,,,,,,,,,,,,,,,,,,,,,,,,,,,,,,,,,,,,,,,,,,,,,,,,,,,,,,
,,,,,,,,,,,,,,,,,,,,,,,,,,,,,,,,,,,,,,,,,,,,,,,,,,,,,,,,,,,,,,,,
,,,,,,,,,,,,,,,,,,,,,,,,,,,,,,,,,,,,,,,,,,,,,,,,,,,,,,,,,,,,,,,,
,,,,,,,,,,,,,,,,,,,,,,,,,,,,,,,,,,,,,,,,,,,,,,,,,,,,,,,,,,,,,,,,
,,,,,,,,,,,,,,,,,,,,,,,,,,,,,,,,,,,,,,,,,,,,,,,,,,,,,,,,,,,,,,,,
,,,,,,,,,,,,,,,,,,,,,,,,,,,,,,,,,,,,,,,,,,,,,,,,,,,,,,,,,,,,,,,,
,,,,,,,,,,,,,,,,,,,,,,,,,,,,,,,,,,,,,,,,,,,,,,,,,,,,,,,,,,,,,,,,
,,,,,,,,,,,,,,,,,,,,,,,,,,,,,,,,,,,,,,,,,,,,,,,,,,,,,,,,,,,,,,,,